country,year,si_spr_pc40_05
bgd,2005,0.8308060574
bgd,2010,0.9052200386
khm,2007,1.0973040189
khm,2012,1.6521664142
jor,2006,3.2148253922
jor,2010,3.5763305551
lao,2007,0.9791909557
lao,2012,1.0417447459
