economy,year,si_pov_mdim_17_xq
afg,2016,0.3000000000
btn,2017,0.0283000000
