economy,year,dt_nfl_unid_cd
eas,2019,0.0000000000
eap,2019,0.0000000000
ecs,2019,0.0000000000
eca,2019,0.0000000000
hic,2019,0.0000000000
lcn,2019,0.0000000000
lac,2019,0.0000000000
lmy,2019,184048995.9716800153
lic,2019,0.0000000000
lmc,2019,0.0000000000
mea,2019,0.0000000000
mna,2019,0.0000000000
mic,2019,0.0000000000
nac,2019,0.0000000000
sas,2019,0.0000000000
ssf,2019,0.0000000000
ssa,2019,0.0000000000
umc,2019,0.0000000000
wld,2019,184048995.9716800153
