country,year,si_spr_pcap_05
bgd,2005,1.58699428935
bgd,2010,1.69858500263
khm,2007,2.35280528592
khm,2012,2.87553642715
jor,2006,6.36576737863
jor,2010,7.04572127489
lao,2007,1.98123334727
lao,2012,2.1831013414
